{
  "experiment": "G_multiscale_signatures",
  "results": {
    "synaptic_receptors": {
      "variance": {
        "scales_nm": [
          31.196811445742654,
          62.39362289148531,
          93.59043433722796,
          124.78724578297061,
          155.98405722871325,
          187.18086867445592,
          249.57449156594123,
          311.9681144574265,
          374.36173734891184,
          499.14898313188246
        ],
        "values": [
          0.7521326800018757,
          3.4238610397956584,
          7.391393319417248,
          11.291563487269638,
          14.815180686160707,
          19.23820384908653,
          19.291294795763616,
          24.932652465161418,
          28.94054313272251,
          31.77948673794576
        ],
        "envelope": {
          "p5": [
            0.29535334952370246,
            0.5685170371400738,
            0.7104574710853331,
            0.7788918821823765,
            0.8389436231319622,
            0.8632971990379724,
            0.8720840275015285,
            0.9615609015417975,
            0.9790519723885795,
            0.9455863361355283
          ],
          "p95": [
            0.30184988073182284,
            0.5928368359723913,
            0.7387572641505343,
            0.8298615433325313,
            0.9003242914159268,
            0.9227625779324375,
            1.008774265022223,
            1.2308623615700038,
            1.2105117857844572,
            1.4074861236803973
          ],
          "median": [
            0.2969081710895576,
            0.5835652627060485,
            0.7193885558458438,
            0.8092730921753917,
            0.8615000474626464,
            0.9038130645716193,
            0.9369077329384092,
            1.1272868100292266,
            1.1045915687416759,
            1.152400362459191
          ]
        }
      },
      "skewness": {
        "scales_nm": [
          31.196811445742654,
          62.39362289148531,
          93.59043433722796,
          124.78724578297061,
          155.98405722871325,
          187.18086867445592,
          249.57449156594123,
          311.9681144574265,
          374.36173734891184,
          499.14898313188246
        ],
        "values": [
          17.067846232528254,
          14.346729012327426,
          11.84803976866389,
          8.218052689696016,
          7.027274067499184,
          6.542447842817726,
          3.3139641397523367,
          2.543957591471463,
          2.577233984397866,
          1.0912713902810904
        ],
        "envelope": {
          "p5": [
            8.610330199405473,
            3.6895251649115886,
            2.09899793896294,
            1.3485983432342232,
            0.9888079315015919,
            0.6941412349332817,
            0.47141969711006987,
            0.08362174930330486,
            0.0741324897179973,
            -0.25624485718832385
          ],
          "p95": [
            8.927110837217747,
            3.827820545633076,
            2.292891075194807,
            1.6189081629559712,
            1.384216925802686,
            0.8423542615159207,
            0.6155787730996158,
            0.5381516565612383,
            0.3785674874860758,
            0.15125452553801905
          ],
          "median": [
            8.668400041938972,
            3.7741152119372288,
            2.155780641140285,
            1.3570544497389871,
            1.0299533836162282,
            0.7369764096387655,
            0.5021720932067347,
            0.34327845181407507,
            0.22516834959205081,
            -0.193487086302222
          ]
        }
      }
    },
    "nuclear_pores": {
      "variance": {
        "scales_nm": [
          156.17933084836054,
          312.3586616967211,
          468.5379925450816
        ],
        "values": [
          1.1925575834831936,
          2.768634437291192,
          3.3546058168308517
        ],
        "envelope": {
          "p5": [
            0.2944286533661039,
            0.5761943432797483,
            0.7119265004775124
          ],
          "p95": [
            0.2988641301771433,
            0.5916547133876003,
            0.7336934009658294
          ],
          "median": [
            0.2981751533636969,
            0.5812862611760874,
            0.7178436084219332
          ]
        }
      },
      "skewness": {
        "scales_nm": [
          156.17933084836054,
          312.3586616967211,
          468.5379925450816
        ],
        "values": [
          22.219499602886668,
          11.039414244995877,
          6.124500788977857
        ],
        "envelope": {
          "p5": [
            5.472599977532286,
            2.4061462145412453,
            1.3207778045129788
          ],
          "p95": [
            5.590046583599426,
            2.461185782129026,
            1.4100506161984914
          ],
          "median": [
            5.541260950945891,
            2.4332478355789893,
            1.3954609526208646
          ]
        }
      }
    },
    "membrane_domains": {
      "variance": {
        "scales_nm": [
          78.10645042503268,
          156.21290085006535,
          234.31935127509803,
          312.4258017001307,
          390.5322521251634,
          468.63870255019606
        ],
        "values": [
          0.35369143261090197,
          1.0028472736041363,
          1.927120368640899,
          3.4302937672295037,
          5.070273593928281,
          6.4605239123271865
        ],
        "envelope": {
          "p5": [
            0.295046463212668,
            0.5803075420711452,
            0.7075089382997024,
            0.7713886822415511,
            0.8318590993215976,
            0.8449358310854442
          ],
          "p95": [
            0.29779031901538233,
            0.5950808022450619,
            0.7407883617116304,
            0.8171106473255533,
            0.8780083143857368,
            0.9272254125519852
          ],
          "median": [
            0.2970760222729949,
            0.5930030466493629,
            0.7195564009252646,
            0.7811107307691673,
            0.861197105539268,
            0.9148568710226783
          ]
        }
      },
      "skewness": {
        "scales_nm": [
          78.10645042503268,
          156.21290085006535,
          234.31935127509803,
          312.4258017001307,
          390.5322521251634,
          468.63870255019606
        ],
        "values": [
          4.5961699853696665,
          3.4467805493817782,
          3.5938750960497625,
          3.6491278387605814,
          3.3991158239633776,
          2.6076370691647286
        ],
        "envelope": {
          "p5": [
            3.8814844263648833,
            1.7091552150523857,
            0.9438660799203746,
            0.5233592846240404,
            0.3265861459443452,
            0.26971634154735025
          ],
          "p95": [
            3.9405114528183827,
            1.7604129278353022,
            1.0207706809672823,
            0.6384435611598158,
            0.45520117961550927,
            0.404022091410053
          ],
          "median": [
            3.91658703420471,
            1.7529779338707574,
            0.9717909703722541,
            0.5772143844158907,
            0.3843096970747184,
            0.3499608799036766
          ]
        }
      }
    },
    "negative_control": {
      "variance": {
        "scales_nm": [
          78.10554270420168,
          156.21108540840336,
          234.31662811260503,
          312.4221708168067,
          390.5277135210084,
          468.63325622521006
        ],
        "values": [
          0.29662535607143276,
          0.5904160541392256,
          0.7401563017810956,
          0.8201110760162662,
          0.869303501722415,
          0.9960531754190277
        ],