{
  "experiment": "C_parameter_sensitivity",
  "n_replicates": 3,
  "sweeps": {
    "grid_size": {
      "16": {
        "fpr": 0.0,
        "tpr": 1.0
      },
      "32": {
        "fpr": 0.0,
        "tpr": 1.0
      },
      "64": {
        "fpr": 0.0,
        "tpr": 1.0
      },
      "128": {
        "fpr": 0.0,
        "tpr": 1.0
      }
    },
    "shrinkage": {
      "0.01": {
        "fpr": 0.0,
        "tpr": 1.0,
        "condition_numbers": [
          416.1524627935222,
          795.2697308443528,
          676.1427394925131
        ]
      },
      "0.05": {
        "fpr": 0.0,
        "tpr": 1.0,
        "condition_numbers": [
          581.2414147379061,
          589.4305091591137,
          606.8521557279122
        ]
      },
      "0.1": {
        "fpr": 0.0,
        "tpr": 1.0,
        "condition_numbers": [
          568.0407152390537,
          327.9132347939469,
          520.9133141779494
        ]
      },
      "0.2": {
        "fpr": 0.3333333333333333,
        "tpr": 1.0,
        "condition_numbers": [
          892.240491700825,
          629.8389626956945,
          779.5547111048902
        ]
      },
      "0.5": {
        "fpr": 0.0,
        "tpr": 1.0,
        "condition_numbers": [
          620.24041332527,
          959.2991003744398,
          202.22308816957946
        ]
      }
    },
    "n_mocks": {
      "5": {
        "fpr": 0.3333333333333333,
        "tpr": 1.0
      },
      "10": {
        "fpr": 0.0,
        "tpr": 1.0
      },
      "20": {
        "fpr": 0.3333333333333333,
        "tpr": 1.0
      }
    },
    "blink_radius": {
      "10": {
        "fpr": 1.0,
        "tpr": 1.0,
        "reduction_factors": [
          1.001242285805883,
          1.0011990886925937,
          1.0015991684324153
        ]
      },
      "20": {
        "fpr": 1.0,
        "tpr": 1.0,
        "reduction_factors": [
          1.0092095165003838,
          1.0094297803747734,
          1.0089810712847362
        ]
      },
      "30": {
        "fpr": 1.0,
        "tpr": 1.0,
        "reduction_factors": [
          1.0244372462995612,
          1.0251278903212604,
          1.0244111874386654
        ]
      },
      "50": {
        "fpr": 1.0,
        "tpr": 1.0,
        "reduction_factors": [
          1.0599440013575427,
          1.0645106455314266,
          1.0641379603279106
        ]
      },
      "75": {
        "fpr": 1.0,
        "tpr": 1.0,
        "reduction_factors": [
          1.0984348896509277,
          1.1050866899016192,
          1.1047757639899458
        ]
      }
    }
  }
}