{
  "linear_1": {
    "pv": 0.0,
    "ps": 0.13865984297689082,
    "det": true
  },
  "linear_2": {
    "pv": 0.0,
    "ps": 0.010148107015502172,
    "det": true
  },
  "linear_3": {
    "pv": 0.0,
    "ps": 0.029841394612686423,
    "det": true
  },
  "linear_4": {
    "pv": 0.0,
    "ps": 4.1879628764895926e-08,
    "det": true
  },
  "linear_5": {
    "pv": 0.0,
    "ps": 4.7305850836565355e-06,
    "det": true
  },
  "radial_1": {
    "pv": 0.0,
    "ps": 0.03132899015821833,
    "det": true
  },
  "radial_2": {
    "pv": 0.0,
    "ps": 1.5404129305451875e-08,
    "det": true
  },
  "radial_3": {
    "pv": 0.0,
    "ps": 0.00036826988999183463,
    "det": true
  },
  "radial_4": {
    "pv": 0.0,
    "ps": 4.773959005888173e-15,
    "det": true
  },
  "radial_5": {
    "pv": 0.0,
    "ps": 5.580492734580389e-10,
    "det": true
  }
}